name,surname,email
John123,smith,jsmith@gmail.com.au
HaMish,JONES,ham@seek.com
Phil ,CARRY   ,phil@gmail.com
Johnny,O'Hare,john@yahoo.com
Mike,O'Connor,moconnor@cat.net
WILLIAM123,SMYthe,happy@ent.com.au
HAMISH,jones	,ham@seek.com
Sam!!  ,WalTERS,sam@walters.org
Daley,thompson,daley@yahoo.co
kevin,Ruley,kevin.ruley@gmail.com
Edward ,JIKES,edward@jikes.com
